{
  "ETH_5min": {
    "csv_file": "raw_data/ETH_5min.csv",
    "dataset_length (samples)": 3305,
    "train_samples": 1983,
    "val_samples": 661,
    "test_samples": 661,
    "input_dim": 90,
    "seq_len": 50,
    "pred_horizon": 10,
    "hidden_dim": 64,
    "num_layers": 2,
    "batch_size": 32,
    "epochs": 5,
    "best_val_loss": 0.00011604337597444777,
    "train_loss_last_epoch": 7.296255682997802e-05,
    "val_loss_last_epoch": 0.00011848521412000816,
    "test_mse": 0.0002539278320304531,
    "direction_accuracy_percent": 48.26021180030257,
    "model_saved_to": "outputs/ETH_5min/ETH_5min/models/best_model.pth",
    "inference_sample_current_price": 2446.515,
    "inference_sample_predicted_price": 2452.4745680062088,
    "inference_sample_true_price": 2466.0932843812093,
    "elapsed_seconds": 4.679802179336548
  }
}